ID,Category,,
ST005Q01TA,What is the <highest level of schooling> completed by your mother?,#VALUE!,
ST006Q01TA,Does your mother have this qualification? <ISCED level 6> (incl. higher qualifications at level 5A in some countries),,
ST006Q02TA,Does your mother have this qualification? <ISCED level 5A> (excl. higher qualifications at level 5A in some countries),,
ST006Q03TA,Does your mother have any of the following qualifications? <ISCED level 5B>,,
ST006Q04TA,Does your mother have any of the following qualifications? <ISCED level 4>,,
ST007Q01TA,What is the <highest level of schooling> completed by your father?,,
ST008Q01TA,Does your father have this qualification? <ISCED level 6> (incl. higher qualifications at level 5A in some countries),,
ST008Q02TA,Does your father have this qualification? <ISCED level 5A> (excl. higher qualifications at level 5A in some countries),,
ST008Q03TA,Does your father have any of the following qualifications? <ISCED level 5B>,,
ST008Q04TA,Does your father have any of the following qualifications? <ISCED level 4>,,
ST011Q01TA,In your home: A desk to study at,In your home, A desk to study at
ST011Q02TA,In your home: A room of your own,In your home, A room of your own
ST011Q03TA,In your home: A quiet place to study,In your home, A quiet place to study
ST011Q04TA,In your home: A computer you can use for school work,In your home, A computer you can use for school work
ST011Q05TA,In your home: Educational software,In your home, Educational software
ST011Q06TA,In your home: A link to the Internet,In your home, A link to the Internet
ST011Q07TA,In your home: Classic literature (e.g. <Shakespeare>),In your home, Classic literature (e.g. <Shakespeare>)
ST011Q08TA,In your home: Books of poetry,In your home, Books of poetry
ST011Q09TA,In your home: Works of art (e.g. paintings),In your home, Works of art (e.g. paintings)
ST011Q10TA,In your home: Books to help with your school work,In your home, Books to help with your school work
ST011Q11TA,In your home: <Technical reference books>,In your home, <Technical reference books>
ST011Q12TA,In your home: A dictionary,In your home, A dictionary
ST011Q16NA,"In your home: Books on art, music, or design",In your home," Books on art, music, or design"
ST011D17TA,In your home: <Country-specific wealth item 1>,In your home, <Country-specific wealth item 1>
ST011D18TA,In your home: <Country-specific wealth item 2>,In your home, <Country-specific wealth item 2>
ST011D19TA,In your home: <Country-specific wealth item 3>,In your home, <Country-specific wealth item 3>
ST012Q01TA,How many in your home: Televisions,How many in your home, Televisions
ST012Q02TA,How many in your home: Cars,How many in your home, Cars
ST012Q03TA,How many in your home: Rooms with a bath or shower,How many in your home, Rooms with a bath or shower
ST012Q05NA,How many in your home: <Cell phones> with Internet access (e.g. smartphones),How many in your home, <Cell phones> with Internet access (e.g. smartphones)
ST012Q06NA,"How many in your home: Computers (desktop computer, portable laptop, or notebook)",How many in your home," Computers (desktop computer, portable laptop, or notebook)"
ST012Q07NA,"How many in your home: <Tablet computers> (e.g. <iPad>, <BlackBerry PlayBook>)",How many in your home," <Tablet computers> (e.g. <iPad>, <BlackBerry PlayBook>)"
ST012Q08NA,"How many in your home: E-book readers (e.g. <Kindle>, <Kobo>, <Bookeen>)",How many in your home," E-book readers (e.g. <Kindle>, <Kobo>, <Bookeen>)"
ST012Q09NA,"How many in your home: Musical instruments (e.g. guitar, piano)",How many in your home," Musical instruments (e.g. guitar, piano)"
ST013Q01TA,How many books are there in your home?,#VALUE!,#VALUE!
ST019AQ01T,In what country were you and your parents born? You,#VALUE!,#VALUE!
ST019BQ01T,In what country were you and your parents born? Mother,#VALUE!,#VALUE!
ST019CQ01T,In what country were you and your parents born? Father,#VALUE!,#VALUE!
ST021Q01TA,How old were you when you arrived in <country of test>?,#VALUE!,#VALUE!
ST125Q01NA,How old were you when you started <ISCED 0>? Years,#VALUE!,#VALUE!
ST126Q01TA,How old were you when you started <ISCED 1>? Years,#VALUE!,#VALUE!
ST127Q01TA,Have you ever repeated a <grade>? At <ISCED 1>,#VALUE!,#VALUE!
ST127Q02TA,Have you ever repeated a <grade>? At <ISCED 2>,#VALUE!,#VALUE!
ST127Q03TA,Have you ever repeated a <grade>? At <ISCED 3>,#VALUE!,#VALUE!
ST022Q01TA,What language do you speak at home most of the time?,#VALUE!,#VALUE!
ST023Q01TA,Which language do you usually speak with: My mother,Which language do you usually speak with, My mother
ST023Q02TA,Which language do you usually speak with: My father,Which language do you usually speak with, My father
ST023Q03TA,Which language do you usually speak with: My brother(s) and/or sister(s),Which language do you usually speak with, My brother(s) and/or sister(s)
ST023Q04TA,Which language do you usually speak with: My best friend,Which language do you usually speak with, My best friend
ST023Q05TA,Which language do you usually speak with: My schoolmates,Which language do you usually speak with, My schoolmates
ST097Q01TA,How often during <test language lessons>: Students don't listen to what the teacher says.,How often during <test language lessons>, Students don't listen to what the teacher says.
ST097Q02TA,How often during <test language lessons>: There is noise and disorder.,How often during <test language lessons>, There is noise and disorder.
ST097Q03TA,How often during <test language lessons>: The teacher waits long for students to quiet down.,How often during <test language lessons>, The teacher waits long for students to quiet down.
ST097Q04TA,How often during <test language lessons>: Students cannot work well.,How often during <test language lessons>, Students cannot work well.
ST097Q05TA,How often during <test language lessons>: Students don't start working for a long time after the lesson begins.,How often during <test language lessons>, Students don't start working for a long time after the lesson begins.
ST100Q01TA,How often during <test language lessons>: The teacher shows aninterest in every student's learning.,How often during <test language lessons>, The teacher shows aninterest in every student's learning.
ST100Q02TA,How often during <test language lessons>: The teacher gives extra help when students need it.,How often during <test language lessons>, The teacher gives extra help when students need it.
ST100Q03TA,How often during <test language lessons>: The teacher helps students with their learning.,How often during <test language lessons>, The teacher helps students with their learning.
ST100Q04TA,How often during <test language lessons>: The teacher continues teaching until the students understands.,How often during <test language lessons>, The teacher continues teaching until the students understands.
ST102Q01TA,How often during <test language lessons>: The teacher sets clear goals for our learning.,How often during <test language lessons>, The teacher sets clear goals for our learning.
ST102Q02TA,How often during <test language lessons>: The teacher asks questions to check whether we have understood what was taught,How often during <test language lessons>, The teacher asks questions to check whether we have understood what was taught
ST102Q03TA,How often during <test language lessons>: [...] the teacher presents a short summary of the previous lesson.,How often during <test language lessons>, [...] the teacher presents a short summary of the previous lesson.
ST102Q04TA,How often during <test language lessons>: The teacher tells us what we have to learn.,How often during <test language lessons>, The teacher tells us what we have to learn.
ST211Q01HA,Thinking of past two <test language lessons>: The teacher made me feel confident in my ability to do well in the course.,Thinking of past two <test language lessons>, The teacher made me feel confident in my ability to do well in the course.
ST211Q02HA,Thinking of past two <test language lessons>: The teacher listened to my view on how to do things.,Thinking of past two <test language lessons>, The teacher listened to my view on how to do things.
ST211Q03HA,Thinking of past two <test language lessons>: I felt that my teacher understood me.,Thinking of past two <test language lessons>, I felt that my teacher understood me.
ST212Q01HA,How often in <test language lessons>: The teacher adapts the lesson to my classs needs and knowledge.,How often in <test language lessons>, The teacher adapts the lesson to my classs needs and knowledge.
ST212Q02HA,How often in <test language lessons>: The teacher provides individual help when a student has difficulties [...],How often in <test language lessons>, The teacher provides individual help when a student has difficulties [...]
ST212Q03HA,How often in <test language lessons>: The teacher changes the structure of the lesson on a topic that most [...],How often in <test language lessons>, The teacher changes the structure of the lesson on a topic that most [...]
ST104Q02NA,How often during <test language lessons>: The teacher gives me feedback on my strengths in this subject.,How often during <test language lessons>, The teacher gives me feedback on my strengths in this subject.
ST104Q03NA,How often during <test language lessons>: The teacher tells me in which areas I can still improve.,How often during <test language lessons>, The teacher tells me in which areas I can still improve.
ST104Q04NA,How often during <test language lessons>: The teacher tells me how I can improve my performance.,How often during <test language lessons>, The teacher tells me how I can improve my performance.
ST213Q01HA,Thinking of past two <test language lessons>: It was clear to me that the teacher liked teaching us.,Thinking of past two <test language lessons>, It was clear to me that the teacher liked teaching us.
ST213Q02HA,Thinking of past two <test language lessons>: The enthusiasm of the teacher inspired me.,Thinking of past two <test language lessons>, The enthusiasm of the teacher inspired me.
ST213Q03HA,Thinking of past two <test language lessons>: It was clear that the teacher likes to deal with the topic of the lesson.,Thinking of past two <test language lessons>, It was clear that the teacher likes to deal with the topic of the lesson.
ST213Q04HA,Thinking of past two <test language lessons>: The teacher showed enjoyment in teaching.,Thinking of past two <test language lessons>, The teacher showed enjoyment in teaching.
ST150Q01IA,"During the last month, how often did you have to read for school: Texts that include diagrams or maps","During the last month, how often did you have to read for school", Texts that include diagrams or maps
ST150Q02IA,"During the last month, how often did you have to read for school: Fiction (e.g., novels, short stories)","During the last month, how often did you have to read for school"," Fiction (e.g., novels, short stories)"
ST150Q03IA,"During the last month, how often did you have to read for school: Texts that include tables or graphs","During the last month, how often did you have to read for school", Texts that include tables or graphs
ST150Q04HA,"During the last month, how often did you have to read for school: Digital texts including links","During the last month, how often did you have to read for school", Digital texts including links
ST152Q05IA,"In your <test language lessons>, how often: The teacher encourages students to express their opinion about a text.","In your <test language lessons>, how often", The teacher encourages students to express their opinion about a text.
ST152Q06IA,"In your <test language lessons>, how often: The teacher helps students relate the stories they read to their lives.","In your <test language lessons>, how often", The teacher helps students relate the stories they read to their lives.
ST152Q07IA,"In your <test language lessons>, how often: The teacher shows students how the information in texts builds on [...]","In your <test language lessons>, how often", The teacher shows students how the information in texts builds on [...]
ST152Q08IA,"In your <test language lessons>, how often: The teacher poses questions that motivate students to participate actively.","In your <test language lessons>, how often", The teacher poses questions that motivate students to participate actively.
ST154Q01HA,"<this academic year>, how many pages was the longest piece of text you had to read for your <test language lessons>?",#VALUE!,#VALUE!
ST153Q01HA,"When you have to read, does the teacher ask you to: Write a summary of the book or the chapter","When you have to read, does the teacher ask you to", Write a summary of the book or the chapter
ST153Q02HA,"When you have to read, does the teacher ask you to: List and write a short description of the main characters","When you have to read, does the teacher ask you to", List and write a short description of the main characters
ST153Q03HA,"When you have to read, does the teacher ask you to: Discuss in small groups with other students who read the same [...]","When you have to read, does the teacher ask you to", Discuss in small groups with other students who read the same [...]
ST153Q04HA,"When you have to read, does the teacher ask you to: Give your personal thoughts about the book or the chapter [...]","When you have to read, does the teacher ask you to", Give your personal thoughts about the book or the chapter [...]
ST153Q05HA,"When you have to read, does the teacher ask you to: Answer questions about the book or the chapter","When you have to read, does the teacher ask you to", Answer questions about the book or the chapter
ST153Q06HA,"When you have to read, does the teacher ask you to: Compare the content of the book or the chapter with your own [...]","When you have to read, does the teacher ask you to", Compare the content of the book or the chapter with your own [...]
ST153Q08HA,"When you have to read, does the teacher ask you to: Compare the book with other books or texts on a similar topic","When you have to read, does the teacher ask you to", Compare the book with other books or texts on a similar topic
ST153Q09HA,"When you have to read, does the teacher ask you to: Select a passage you liked or disliked and explain why","When you have to read, does the teacher ask you to", Select a passage you liked or disliked and explain why
ST153Q10HA,"When you have to read, does the teacher ask you to: Write a text related to what you have read","When you have to read, does the teacher ask you to", Write a text related to what you have read
ST158Q01HA,"Taught at school: How to use keywords when using a search engine such as <Google>, <Yahoo>, etc.",Taught at school," How to use keywords when using a search engine such as <Google>, <Yahoo>, etc."
ST158Q02HA,Taught at school: How to decide whether to trust information from the Internet,Taught at school, How to decide whether to trust information from the Internet
ST158Q03HA,Taught at school: How to compare different web pages and decide what information is more relevant for your school work,Taught at school, How to compare different web pages and decide what information is more relevant for your school work
ST158Q04HA,"Taught at school: To understand the consequences of making information publicly available online on <Facebook>, [...]",Taught at school," To understand the consequences of making information publicly available online on <Facebook>, [...]"
ST158Q05HA,Taught at school: How to use the short description below the links in the list of results of a search,Taught at school, How to use the short description below the links in the list of results of a search
ST158Q06HA,Taught at school: How to detect whether the information is subjective or biased,Taught at school, How to detect whether the information is subjective or biased
ST158Q07HA,Taught at school: How to detect phishing or spam emails,Taught at school, How to detect phishing or spam emails
ST160Q01IA,How much do you agree or disagree? I read only if I have to.,#VALUE!,#VALUE!
ST160Q02IA,How much do you agree or disagree? Reading is one of my favourite hobbies.,#VALUE!,#VALUE!
ST160Q03IA,How much do you agree or disagree? I like talking about books with other people.,#VALUE!,#VALUE!
ST160Q04IA,"How much do you agree or disagree? For me, reading is a waste of time.",#VALUE!,#VALUE!
ST160Q05IA,How much do you agree or disagree? I read only to get information that I need.,#VALUE!,#VALUE!
ST167Q01IA,How often do you read these materials because you want to? Magazines,#VALUE!,#VALUE!
ST167Q02IA,How often do you read these materials because you want to? Comic books,#VALUE!,#VALUE!
ST167Q03IA,"How often do you read these materials because you want to? Fiction (novels, narratives, stories)",#VALUE!,#VALUE!
ST167Q04IA,"How often do you read these materials because you want to? Non-fiction books (informational, documentary)",#VALUE!,#VALUE!
ST167Q05IA,How often do you read these materials because you want to? Newspapers,#VALUE!,#VALUE!
ST168Q01HA,Which of the following statements best describes how you read books (on any topic)?,#VALUE!,#VALUE!
ST175Q01IA,About how much time do you usually spend reading for enjoyment?,#VALUE!,#VALUE!
ST176Q01IA,How often involved in: Reading emails,How often involved in, Reading emails
ST176Q02IA,"How often involved in: <Chat on line> (e.g. <Whatsapp>, <Messenger>)",How often involved in," <Chat on line> (e.g. <Whatsapp>, <Messenger>)"
ST176Q03IA,How often involved in: Reading online news,How often involved in, Reading online news
ST176Q05IA,How often involved in: Searching information online to learn about a particular topic,How often involved in, Searching information online to learn about a particular topic
ST176Q06IA,How often involved in: Taking part in online group discussions or forums,How often involved in, Taking part in online group discussions or forums
ST176Q07IA,"How often involved in: Searching for practical information online (e.g. schedules, events, tips, recipes)",How often involved in," Searching for practical information online (e.g. schedules, events, tips, recipes)"
ST161Q01HA,Agree: I am a good reader.,Agree, I am a good reader.
ST161Q02HA,Agree: I am able to understand difficult texts.,Agree, I am able to understand difficult texts.
ST161Q03HA,Agree: I read fluently.,Agree, I read fluently.
ST161Q06HA,Agree: I have always had difficulty with reading.,Agree, I have always had difficulty with reading.
ST161Q07HA,Agree: I have to read a text several times before completely understanding it.,Agree, I have to read a text several times before completely understanding it.
ST161Q08HA,Agree: I find it difficult to answer questions about a text.,Agree, I find it difficult to answer questions about a text.
ST163Q02HA,"In the PISA test, how do you feel about the reading tasks: There were many words I could not understand.","In the PISA test, how do you feel about the reading tasks", There were many words I could not understand.
ST163Q03HA,"In the PISA test, how do you feel about the reading tasks: Many texts were too difficult for me.","In the PISA test, how do you feel about the reading tasks", Many texts were too difficult for me.
ST163Q04HA,"In the PISA test, how do you feel about the reading tasks: I was lost when I had to navigate between different pages.","In the PISA test, how do you feel about the reading tasks", I was lost when I had to navigate between different pages.
ST164Q01IA,Usefulness for understanding and memorising text: I concentrate on the parts of the text that are easy to understand.,Usefulness for understanding and memorising text, I concentrate on the parts of the text that are easy to understand.
ST164Q02IA,Usefulness for understanding and memorising text: I quickly read through the text twice.,Usefulness for understanding and memorising text, I quickly read through the text twice.
ST164Q03IA,"Usefulness for understanding and memorising text: After reading the text, I discuss its content with other people.",Usefulness for understanding and memorising text," After reading the text, I discuss its content with other people."
ST164Q04IA,Usefulness for understanding and memorising text: I underline important parts of the text.,Usefulness for understanding and memorising text, I underline important parts of the text.
ST164Q05IA,Usefulness for understanding and memorising text: I summarise the text in my own words.,Usefulness for understanding and memorising text, I summarise the text in my own words.
ST164Q06IA,Usefulness for understanding and memorising text: I read the text aloud to another person.,Usefulness for understanding and memorising text, I read the text aloud to another person.
ST165Q01IA,"Usefulness for writing a summary: I write a summary. Then I check that each paragraph is covered in the summary, [...]",Usefulness for writing a summary," I write a summary. Then I check that each paragraph is covered in the summary, [...]"
ST165Q02IA,Usefulness for writing a summary: I try to copy out accurately as many sentences as possible.,Usefulness for writing a summary, I try to copy out accurately as many sentences as possible.
ST165Q03IA,"Usefulness for writing a summary: Before writing the summary, I read the text as many times as possible.",Usefulness for writing a summary," Before writing the summary, I read the text as many times as possible."
ST165Q04IA,Usefulness for writing a summary: I carefully check whether the most important facts in the text are represented [...],Usefulness for writing a summary, I carefully check whether the most important facts in the text are represented [...]
ST165Q05IA,"Usefulness for writing a summary: I read through the text, underlining the most important sentences. Then I write [...]",Usefulness for writing a summary," I read through the text, underlining the most important sentences. Then I write [...]"
ST166Q01HA,How appropriate in reaction to this email: Answer the email and ask for more information about the smartphone,How appropriate in reaction to this email, Answer the email and ask for more information about the smartphone
ST166Q02HA,How appropriate in reaction to this email: Check the sender's email address,How appropriate in reaction to this email, Check the sender's email address
ST166Q03HA,How appropriate in reaction to this email: Click on the link to fill out the form as soon as possible,How appropriate in reaction to this email, Click on the link to fill out the form as soon as possible
ST166Q04HA,How appropriate in reaction to this email: Delete the email without clicking on the link,How appropriate in reaction to this email, Delete the email without clicking on the link
ST166Q05HA,How appropriate in reaction to this email: Check the website of the mobile phone operator to see whether [...],How appropriate in reaction to this email, Check the website of the mobile phone operator to see whether [...]
ST016Q01NA,"Overall, how satisfied are you with your life as a whole these days?",#VALUE!,#VALUE!
ST036Q05TA,Thinking about your school: Trying hard at school will help me get a good job.,Thinking about your school, Trying hard at school will help me get a good job.
ST036Q06TA,Thinking about your school: Trying hard at school will help me get into a good <college>.,Thinking about your school, Trying hard at school will help me get into a good <college>.
ST036Q08TA,Thinking about your school: Trying hard at school is important.,Thinking about your school, Trying hard at school is important.
ST225Q01HA,Do you expect to complete? <ISCED level 2>,#VALUE!,#VALUE!
ST225Q02HA,Do you expect to complete? <ISCED level 3B or C>,#VALUE!,#VALUE!
ST225Q03HA,Do you expect to complete? <ISCED level 3A>,#VALUE!,#VALUE!
ST225Q04HA,Do you expect to complete? <ISCED level 4>,#VALUE!,#VALUE!
ST225Q05HA,Do you expect to complete? <ISCED level 5B>,#VALUE!,#VALUE!
ST225Q06HA,Do you expect to complete? <ISCED level 5A or 6>,#VALUE!,#VALUE!
ST181Q02HA,Agree: I enjoy working in situations involving competition with others.,Agree, I enjoy working in situations involving competition with others.
ST181Q03HA,Agree: It is important for me to perform better than other people on a task.,Agree, It is important for me to perform better than other people on a task.
ST181Q04HA,Agree: I try harder when Im in competition with other people.,Agree, I try harder when Im in competition with other people.
ST182Q03HA,Agree: I find satisfaction in working as hard as I can.,Agree, I find satisfaction in working as hard as I can.
ST182Q04HA,"Agree: Once I start a task, I persist until it is finished.",Agree," Once I start a task, I persist until it is finished."
ST182Q05HA,Agree: Part of the enjoyment I get from doing things is when I improve on my past performance.,Agree, Part of the enjoyment I get from doing things is when I improve on my past performance.
ST182Q06HA,"Agree: If I am not good at something, I would rather keep struggling to master it than move on to something I may [...]",Agree," If I am not good at something, I would rather keep struggling to master it than move on to something I may [...]"
ST183Q01HA,"Agree: When I am failing, I worry about what others think of me.",Agree," When I am failing, I worry about what others think of me."
ST183Q02HA,"Agree: When I am failing, I am afraid that I might not have enough talent.",Agree," When I am failing, I am afraid that I might not have enough talent."
ST183Q03HA,"Agree: When I am failing, this makes me doubt my plans for the future.",Agree," When I am failing, this makes me doubt my plans for the future."
ST184Q01HA,Agree: Your intelligence is something about you that you can't change very much.,Agree, Your intelligence is something about you that you can't change very much.
ST185Q01HA,Agree: My life has clear meaning or purpose.,Agree, My life has clear meaning or purpose.
ST185Q02HA,Agree: I have discovered a satisfactory meaning in life.,Agree, I have discovered a satisfactory meaning in life.
ST185Q03HA,Agree: I have a clear sense of what gives meaning to my life.,Agree, I have a clear sense of what gives meaning to my life.
ST186Q05HA,Thinking about yourself and how you normally feel: how often do you feel as described below? Happy,Thinking about yourself and how you normally feel, how often do you feel as described below? Happy
ST186Q06HA,Thinking about yourself and how you normally feel: how often do you feel as described below? Scared,Thinking about yourself and how you normally feel, how often do you feel as described below? Scared
ST186Q07HA,Thinking about yourself and how you normally feel: how often do you feel as described below? Lively,Thinking about yourself and how you normally feel, how often do you feel as described below? Lively
ST186Q10HA,Thinking about yourself and how you normally feel: how often do you feel as described below? Miserable,Thinking about yourself and how you normally feel, how often do you feel as described below? Miserable
ST186Q09HA,Thinking about yourself and how you normally feel: how often do you feel as described below? Proud,Thinking about yourself and how you normally feel, how often do you feel as described below? Proud
ST186Q02HA,Thinking about yourself and how you normally feel: how often do you feel as described below? Afraid,Thinking about yourself and how you normally feel, how often do you feel as described below? Afraid
ST186Q01HA,Thinking about yourself and how you normally feel: how often do you feel as described below? Joyful,Thinking about yourself and how you normally feel, how often do you feel as described below? Joyful
ST186Q08HA,Thinking about yourself and how you normally feel: how often do you feel as described below? Sad,Thinking about yourself and how you normally feel, how often do you feel as described below? Sad
ST186Q03HA,Thinking about yourself and how you normally feel: how often do you feel as described below? Cheerful,Thinking about yourself and how you normally feel, how often do you feel as described below? Cheerful
ST208Q01HA,How true for you: My goal is to learn as much as possible.,How true for you, My goal is to learn as much as possible.
ST208Q02HA,How true for you: My goal is to completely master the material presented in my classes.,How true for you, My goal is to completely master the material presented in my classes.
ST208Q04HA,How true for you: My goal is to understand the content of my classes as thoroughly as possible.,How true for you, My goal is to understand the content of my classes as thoroughly as possible.
ST188Q01HA,Agree: I usually manage one way or another.,Agree, I usually manage one way or another.
ST188Q02HA,Agree: I feel proud that I have accomplished things.,Agree, I feel proud that I have accomplished things.
ST188Q03HA,Agree: I feel that I can handle many things at a time.,Agree, I feel that I can handle many things at a time.
ST188Q06HA,Agree: My belief in myself gets me through hard times.,Agree, My belief in myself gets me through hard times.
ST188Q07HA,"Agree: When Im in a difficult situation, I can usually find my way out of it.",Agree," When Im in a difficult situation, I can usually find my way out of it."
ST034Q01TA,Thinking about your school: I feel like an outsider (or left out of things) at school.,Thinking about your school, I feel like an outsider (or left out of things) at school.
ST034Q02TA,Thinking about your school: I make friends easily at school.,Thinking about your school, I make friends easily at school.
ST034Q03TA,Thinking about your school: I feel like I belong at school.,Thinking about your school, I feel like I belong at school.
ST034Q04TA,Thinking about your school: I feel awkward and out of place in my school.,Thinking about your school, I feel awkward and out of place in my school.
ST034Q05TA,Thinking about your school: Other students seem to like me.,Thinking about your school, Other students seem to like me.
ST034Q06TA,Thinking about your school: I feel lonely at school.,Thinking about your school, I feel lonely at school.
ST123Q02NA,Thinking about <this academic year>: My parents support my educational efforts and achievements.,Thinking about <this academic year>, My parents support my educational efforts and achievements.
ST123Q03NA,Thinking about <this academic year>: My parents support me when I am facing difficulties at school.,Thinking about <this academic year>, My parents support me when I am facing difficulties at school.
ST123Q04NA,Thinking about <this academic year>: My parents encourage me to be confident.,Thinking about <this academic year>, My parents encourage me to be confident.
ST205Q01HA,"Think about your school, how true: Students seem to value competition.","Think about your school, how true", Students seem to value competition.
ST205Q02HA,"Think about your school, how true: It seems that students are competing with each other.","Think about your school, how true", It seems that students are competing with each other.
ST205Q03HA,"Think about your school, how true: Students seem to share the feeling that competing with each other is important.","Think about your school, how true", Students seem to share the feeling that competing with each other is important.
ST205Q04HA,"Think about your school, how true: Students feel that they are being compared with others.","Think about your school, how true", Students feel that they are being compared with others.
ST059Q01TA,Typically required to attend: Number of <class periods> per week in <test language lessons>,Typically required to attend, Number of <class periods> per week in <test language lessons>
ST059Q02TA,Typically required to attend: Number of <class periods> per week in mathematics,Typically required to attend, Number of <class periods> per week in mathematics
ST059Q03TA,Typically required to attend: Number of <class periods> per week in <science>,Typically required to attend, Number of <class periods> per week in <science>
ST059Q04HA,Typically required to attend: Number of <class periods> per week in foreign language,Typically required to attend, Number of <class periods> per week in foreign language
ST060Q01NA,"In a normal, full week at school, how many <class periods> are you required to attend in total?",#VALUE!,#VALUE!
ST061Q01NA,"How many minutes, on average, are there in a <class period>?",#VALUE!,#VALUE!
ST062Q01TA,"In the last two full weeks of school, how often: I <skipped> a whole school day.","In the last two full weeks of school, how often", I <skipped> a whole school day.
ST062Q02TA,"In the last two full weeks of school, how often: I <skipped> some classes.","In the last two full weeks of school, how often", I <skipped> some classes.
ST062Q03TA,"In the last two full weeks of school, how often: I arrived late for school.","In the last two full weeks of school, how often", I arrived late for school.
ST038Q03NA,"During the past 12 months, how often: Other students left me out of things on purpose.","During the past 12 months, how often", Other students left me out of things on purpose.
ST038Q04NA,"During the past 12 months, how often: Other students made fun of me.","During the past 12 months, how often", Other students made fun of me.
ST038Q05NA,"During the past 12 months, how often: I was threatened by other students.","During the past 12 months, how often", I was threatened by other students.
ST038Q06NA,"During the past 12 months, how often: Other students took away or destroyed things that belonged to me.","During the past 12 months, how often", Other students took away or destroyed things that belonged to me.
ST038Q07NA,"During the past 12 months, how often: I got hit or pushed around by other students.","During the past 12 months, how often", I got hit or pushed around by other students.
ST038Q08NA,"During the past 12 months, how often: Other students spread nasty rumours about me.","During the past 12 months, how often", Other students spread nasty rumours about me.
ST207Q01HA,Agree: It irritates me when nobody defends bullied students.,Agree, It irritates me when nobody defends bullied students.
ST207Q02HA,Agree: It is a good thing to help students who can't defend themselves.,Agree, It is a good thing to help students who can't defend themselves.
ST207Q03HA,Agree: It is a wrong thing to join in bullying.,Agree, It is a wrong thing to join in bullying.
ST207Q04HA,Agree: I feel bad seeing other students bullied.,Agree, I feel bad seeing other students bullied.
ST207Q05HA,Agree: I like it when someone stands up for other students who are being bullied.,Agree, I like it when someone stands up for other students who are being bullied.
ST206Q01HA,"Think about your school, how true: Students seem to value cooperation.","Think about your school, how true", Students seem to value cooperation.
ST206Q02HA,"Think about your school, how true: It seems that students are cooperating with each other.","Think about your school, how true", It seems that students are cooperating with each other.
ST206Q03HA,"Think about your school, how true: Students seem to share the feeling that cooperating with each other is important.","Think about your school, how true", Students seem to share the feeling that cooperating with each other is important.
ST206Q04HA,"Think about your school, how true: Students feel that they are encouraged to cooperate with others.","Think about your school, how true", Students feel that they are encouraged to cooperate with others.
IC001Q01TA,Available for you to use at home: Desktop computer,Available for you to use at home, Desktop computer
IC001Q02TA,"Available for you to use at home: Portable laptop, or notebook",Available for you to use at home," Portable laptop, or notebook"
IC001Q03TA,"Available for you to use at home: <Tablet computer> (e.g. <iPad>, <BlackBerry PlayBook>)",Available for you to use at home," <Tablet computer> (e.g. <iPad>, <BlackBerry PlayBook>)"
IC001Q04TA,Available for you to use at home: Internet connection,Available for you to use at home, Internet connection
IC001Q05TA,"Available for you to use at home: <Video games console>, e.g. <Sony PlayStation>",Available for you to use at home," <Video games console>, e.g. <Sony PlayStation>"
IC001Q06TA,Available for you to use at home: <Cell phone> (without Internet access),Available for you to use at home, <Cell phone> (without Internet access)
IC001Q07TA,Available for you to use at home: <Cell phone> (with Internet access),Available for you to use at home, <Cell phone> (with Internet access)
IC001Q08TA,"Available for you to use at home: Portable music player (Mp3/Mp4 player, iPod or similar)",Available for you to use at home," Portable music player (Mp3/Mp4 player, iPod or similar)"
IC001Q09TA,Available for you to use at home: Printer,Available for you to use at home, Printer
IC001Q10TA,Available for you to use at home: USB (memory) stick,Available for you to use at home, USB (memory) stick
IC001Q11TA,"Available for you to use at home: <ebook reader>, e.g. <Amazon Kindle>",Available for you to use at home," <ebook reader>, e.g. <Amazon Kindle>"
IC009Q01TA,Available for you to use at school: Desktop computer,Available for you to use at school, Desktop computer
IC009Q02TA,Available for you to use at school: Portable laptop or notebook,Available for you to use at school, Portable laptop or notebook
IC009Q03TA,"Available for you to use at school: <Tablet computer> (e.g. <iPad>, <BlackBerry PlayBook>)",Available for you to use at school," <Tablet computer> (e.g. <iPad>, <BlackBerry PlayBook>)"
IC009Q05NA,Available for you to use at school: Internet connected school computers,Available for you to use at school, Internet connected school computers
IC009Q06NA,Available for you to use at school: Internet connection via wireless network,Available for you to use at school, Internet connection via wireless network
IC009Q07NA,"Available for you to use at school: Storage space for school-related data, e.g. a folder for own documents",Available for you to use at school," Storage space for school-related data, e.g. a folder for own documents"
IC009Q08TA,Available for you to use at school: USB (memory) stick,Available for you to use at school, USB (memory) stick
IC009Q09TA,"Available for you to use at school: <ebook reader>, e.g. <Amazon Kindle>",Available for you to use at school," <ebook reader>, e.g. <Amazon Kindle>"
IC009Q10NA,"Available for you to use at school: Data projector, e.g. for slide presentations",Available for you to use at school," Data projector, e.g. for slide presentations"
IC009Q11NA,"Available for you to use at school: Interactive Whiteboard, e.g. <Smartboard>",Available for you to use at school," Interactive Whiteboard, e.g. <Smartboard>"
IC002Q01HA,How old were you when you first used a digital device?,#VALUE!,#VALUE!
IC004Q01HA,How old were you when you first accessed the Internet?,#VALUE!,#VALUE!
IC005Q01TA,"During a typical weekday, for how long do you use the Internet at school?",#VALUE!,#VALUE!
IC006Q01TA,"During a typical weekday, for how long do you use the Internet outside of school?",#VALUE!,#VALUE!
IC007Q01TA,"On a typical weekend day, for how long do you use the Internet outside of school?",#VALUE!,#VALUE!
IC150Q01HA,Time spent using digital devices during classroom lessons in a typical school week: <Test language lessons>,Time spent using digital devices during classroom lessons in a typical school week, <Test language lessons>
IC150Q02HA,Time spent using digital devices during classroom lessons in a typical school week: <Mathematics>,Time spent using digital devices during classroom lessons in a typical school week, <Mathematics>
IC150Q03HA,Time spent using digital devices during classroom lessons in a typical school week: <Science>,Time spent using digital devices during classroom lessons in a typical school week, <Science>
IC150Q04HA,Time spent using digital devices during classroom lessons in a typical school week: <Foreign language>,Time spent using digital devices during classroom lessons in a typical school week, <Foreign language>
IC150Q05HA,Time spent using digital devices during classroom lessons in a typical school week: <Social sciences>,Time spent using digital devices during classroom lessons in a typical school week, <Social sciences>
IC150Q06HA,Time spent using digital devices during classroom lessons in a typical school week: Music,Time spent using digital devices during classroom lessons in a typical school week, Music
IC150Q07HA,Time spent using digital devices during classroom lessons in a typical school week: Sports,Time spent using digital devices during classroom lessons in a typical school week, Sports
IC150Q08HA,Time spent using digital devices during classroom lessons in a typical school week: <Performing arts>,Time spent using digital devices during classroom lessons in a typical school week, <Performing arts>
IC150Q09HA,Time spent using digital devices during classroom lessons in a typical school week: <Visual arts>,Time spent using digital devices during classroom lessons in a typical school week, <Visual arts>
IC151Q01HA,Time spent using digital devices outside of classroom lessons in a typical school week: <Test language lessons>,Time spent using digital devices outside of classroom lessons in a typical school week, <Test language lessons>
IC151Q02HA,Time spent using digital devices outside of classroom lessons in a typical school week: <Mathematics>,Time spent using digital devices outside of classroom lessons in a typical school week, <Mathematics>
IC151Q03HA,Time spent using digital devices outside of classroom lessons in a typical school week: <Science>,Time spent using digital devices outside of classroom lessons in a typical school week, <Science>
IC151Q04HA,Time spent using digital devices outside of classroom lessons in a typical school week: <Foreign language>,Time spent using digital devices outside of classroom lessons in a typical school week, <Foreign language>
IC151Q05HA,Time spent using digital devices outside of classroom lessons in a typical school week: <Social sciences>,Time spent using digital devices outside of classroom lessons in a typical school week, <Social sciences>
IC151Q06HA,Time spent using digital devices outside of classroom lessons in a typical school week: Music,Time spent using digital devices outside of classroom lessons in a typical school week, Music
IC151Q07HA,Time spent using digital devices outside of classroom lessons in a typical school week: Sports,Time spent using digital devices outside of classroom lessons in a typical school week, Sports
IC151Q08HA,Time spent using digital devices outside of classroom lessons in a typical school week: <Performing arts>,Time spent using digital devices outside of classroom lessons in a typical school week, <Performing arts>
IC151Q09HA,Time spent using digital devices outside of classroom lessons in a typical school week: <Visual arts>,Time spent using digital devices outside of classroom lessons in a typical school week, <Visual arts>
IC152Q01HA,Digital device used for learning or teaching during lessons within the last month: <Test language lessons>,Digital device used for learning or teaching during lessons within the last month, <Test language lessons>
IC152Q02HA,Digital device used for learning or teaching during lessons within the last month: <Mathematics>,Digital device used for learning or teaching during lessons within the last month, <Mathematics>
IC152Q03HA,Digital device used for learning or teaching during lessons within the last month: <Science>,Digital device used for learning or teaching during lessons within the last month, <Science>
IC152Q04HA,Digital device used for learning or teaching during lessons within the last month: <Foreign language>,Digital device used for learning or teaching during lessons within the last month, <Foreign language>
IC152Q05HA,Digital device used for learning or teaching during lessons within the last month: <Social sciences>,Digital device used for learning or teaching during lessons within the last month, <Social sciences>
IC152Q06HA,Digital device used for learning or teaching during lessons within the last month: Music,Digital device used for learning or teaching during lessons within the last month, Music
IC152Q07HA,Digital device used for learning or teaching during lessons within the last month: Sports,Digital device used for learning or teaching during lessons within the last month, Sports
IC152Q08HA,Digital device used for learning or teaching during lessons within the last month: <Performing arts>,Digital device used for learning or teaching during lessons within the last month, <Performing arts>
IC152Q09HA,Digital device used for learning or teaching during lessons within the last month: <Visual arts>,Digital device used for learning or teaching during lessons within the last month, <Visual arts>
IC008Q01TA,Use digital devices outside of school: Playing one-player games.,Use digital devices outside of school, Playing one-player games.
IC008Q02TA,Use digital devices outside of school: Playing collaborative online games.,Use digital devices outside of school, Playing collaborative online games.
IC008Q03TA,Use digital devices outside of school: Using email.,Use digital devices outside of school, Using email.
IC008Q04TA,Use digital devices outside of school: <Chatting online> (e.g. <MSN>).,Use digital devices outside of school, <Chatting online> (e.g. <MSN>).
IC008Q05TA,"Use digital devices outside of school: Participating in Social Networks (e.g. <Facebook>, <MySpace>).",Use digital devices outside of school," Participating in Social Networks (e.g. <Facebook>, <MySpace>)."
IC008Q07NA,"Use digital devices outside of school: Playing online games via Social Networks (e.g. <Farmville>, <The Sims Social>).",Use digital devices outside of school," Playing online games via Social Networks (e.g. <Farmville>, <The Sims Social>)."
IC008Q08TA,"Use digital devices outside of school: Browsing the Internet for fun (such as watching videos, e.g. <YouTube>).",Use digital devices outside of school," Browsing the Internet for fun (such as watching videos, e.g. <YouTube>)."
IC008Q09TA,Use digital devices outside of school: Reading news on the Internet (e.g. current affairs).,Use digital devices outside of school, Reading news on the Internet (e.g. current affairs).
IC008Q10TA,Use digital devices outside of school: Obtaining practical information from the Internet [...],Use digital devices outside of school, Obtaining practical information from the Internet [...]
IC008Q11TA,"Use digital devices outside of school: Downloading music, films, games or software from the Internet.",Use digital devices outside of school," Downloading music, films, games or software from the Internet."
IC008Q12TA,Use digital devices outside of school: Uploading your own created contents for sharing [...],Use digital devices outside of school, Uploading your own created contents for sharing [...]
IC008Q13NA,Use digital devices outside of school: Downloading new apps on a mobile device.,Use digital devices outside of school, Downloading new apps on a mobile device.
IC010Q01TA,Use digital devices outside of school: Browsing the Internet for schoolwork [...],Use digital devices outside of school, Browsing the Internet for schoolwork [...]
IC010Q02NA,"Use digital devices outside of school: Browsing the Internet to follow up lessons, e.g. for finding explanations.",Use digital devices outside of school," Browsing the Internet to follow up lessons, e.g. for finding explanations."
IC010Q03TA,Use digital devices outside of school: Using email for communication with other students about schoolwork.,Use digital devices outside of school, Using email for communication with other students about schoolwork.
IC010Q04TA,Use digital devices outside of school: Using email for communication with teachers and submission of homework or [...],Use digital devices outside of school, Using email for communication with teachers and submission of homework or [...]
IC010Q05NA,Use digital devices outside of school: Using Social Networks for communication with other students about schoolwork.,Use digital devices outside of school, Using Social Networks for communication with other students about schoolwork.
IC010Q06NA,Use digital devices outside of school: Using Social Networks for communication with teachers [...],Use digital devices outside of school, Using Social Networks for communication with teachers [...]
IC010Q07TA,"Use digital devices outside of school: Downloading, uploading or browsing material from my school's website [...]",Use digital devices outside of school," Downloading, uploading or browsing material from my school's website [...]"
IC010Q08TA,"Use digital devices outside of school: Checking the school's website for announcements, e.g. absence of teachers.",Use digital devices outside of school," Checking the school's website for announcements, e.g. absence of teachers."
IC010Q09NA,Use digital devices outside of school: Doing homework on a computer.,Use digital devices outside of school, Doing homework on a computer.
IC010Q10NA,Use digital devices outside of school: Doing homework on a mobile device.,Use digital devices outside of school, Doing homework on a mobile device.
IC010Q11HA,Use digital devices outside of school: Using learning apps or learning websites on a computer.,Use digital devices outside of school, Using learning apps or learning websites on a computer.
IC010Q12HA,Use digital devices outside of school: Using learning apps or learning websites on a mobile device.,Use digital devices outside of school, Using learning apps or learning websites on a mobile device.
IC011Q01TA,Use digital devices at school: <Chatting on line> at school.,Use digital devices at school, <Chatting on line> at school.
IC011Q02TA,Use digital devices at school: Using email at school.,Use digital devices at school, Using email at school.
IC011Q03TA,Use digital devices at school: Browsing the Internet for schoolwork.,Use digital devices at school, Browsing the Internet for schoolwork.
IC011Q04TA,"Use digital devices at school: Downloading, uploading or browsing material from the school's website (e.g. <intranet>).",Use digital devices at school," Downloading, uploading or browsing material from the school's website (e.g. <intranet>)."
IC011Q05TA,Use digital devices at school: Posting my work on the school's website.,Use digital devices at school, Posting my work on the school's website.
IC011Q06TA,Use digital devices at school: Playing simulations at school.,Use digital devices at school, Playing simulations at school.
IC011Q07TA,"Use digital devices at school: Practicing and drilling, foreign language learning or math.",Use digital devices at school," Practicing and drilling, foreign language learning or math."
IC011Q08TA,Use digital devices at school: Doing homework on a school computer.,Use digital devices at school, Doing homework on a school computer.
IC011Q09TA,Use digital devices at school: Using school computers for group work and communication with other students.,Use digital devices at school, Using school computers for group work and communication with other students.
IC011Q10HA,Use digital devices at school: Using learning apps or learning websites.,Use digital devices at school, Using learning apps or learning websites.
IC013Q01NA,Agree: I forget about time when I'm using digital devices.,Agree, I forget about time when I'm using digital devices.
IC013Q04NA,"Agree: The Internet is a great resource for obtaining information I am interested in (e.g. news, sports, dictionary).",Agree," The Internet is a great resource for obtaining information I am interested in (e.g. news, sports, dictionary)."
IC013Q05NA,Agree: It is very useful to have Social Networks on the Internet.,Agree, It is very useful to have Social Networks on the Internet.
IC013Q11NA,Agree: I am really excited discovering new digital devices or applications.,Agree, I am really excited discovering new digital devices or applications.
IC013Q12NA,Agree: I really feel bad if no Internet connection is possible.,Agree, I really feel bad if no Internet connection is possible.
IC013Q13NA,Agree: I like using digital devices.,Agree, I like using digital devices.
IC014Q03NA,Agree: I feel comfortable using digital devices that I am less familiar with.,Agree, I feel comfortable using digital devices that I am less familiar with.
IC014Q04NA,"Agree: If my friends and relatives want to buy new digital devices or applications, I can give them advice.",Agree," If my friends and relatives want to buy new digital devices or applications, I can give them advice."
IC014Q06NA,Agree: I feel comfortable using my digital devices at home.,Agree, I feel comfortable using my digital devices at home.
IC014Q08NA,"Agree: When I come across problems with digital devices, I think I can solve them.",Agree," When I come across problems with digital devices, I think I can solve them."
IC014Q09NA,"Agree: If my friends and relatives have a problem with digital devices, I can help them.",Agree," If my friends and relatives have a problem with digital devices, I can help them."
IC015Q02NA,"Agree: If I need new software, I install it by myself.",Agree," If I need new software, I install it by myself."
IC015Q03NA,Agree: I read information about digital devices to be independent.,Agree, I read information about digital devices to be independent.
IC015Q05NA,Agree: I use digital devices as I want to use them.,Agree, I use digital devices as I want to use them.
IC015Q07NA,Agree: If I have a problem with digital devices I start to solve it on my own.,Agree, If I have a problem with digital devices I start to solve it on my own.
IC015Q09NA,"Agree: If I need a new application, I choose it by myself.",Agree," If I need a new application, I choose it by myself."
IC016Q01NA,"Agree: To learn something new about digital devices, I like to talk about them with my friends.",Agree," To learn something new about digital devices, I like to talk about them with my friends."
IC016Q02NA,Agree: I like to exchange solutions to problems with digital devices with others on the Internet.,Agree, I like to exchange solutions to problems with digital devices with others on the Internet.
IC016Q04NA,Agree: I like to meet friends and play computer and video games with them.,Agree, I like to meet friends and play computer and video games with them.
IC016Q05NA,Agree: I like to share information about digital devices with my friends.,Agree, I like to share information about digital devices with my friends.
IC016Q07NA,Agree: I learn a lot about digital media by discussing with my friends and relatives.,Agree, I learn a lot about digital media by discussing with my friends and relatives.
IC169Q01HA,"Which of the following statements best describes how you read the news (e.g. politics, culture, sport, local news)?",#VALUE!,#VALUE!
EC031Q01TA,Did you change schools when you were attending <ISCED 1>?,#VALUE!,#VALUE!
EC032Q01TA,Did you change schools when you were attending <ISCED 2>?,#VALUE!,#VALUE!
EC033Q01NA,Have you ever changed your <study programme>?,#VALUE!,#VALUE!
EC150Q01WA,Find out about future study or types of work: I did an internship.,Find out about future study or types of work, I did an internship.
EC150Q02WA,Find out about future study or types of work: I attended <job shadowing or work-site visits>.,Find out about future study or types of work, I attended <job shadowing or work-site visits>.
EC150Q03WA,Find out about future study or types of work: I visited a <job fair>.,Find out about future study or types of work, I visited a <job fair>.
EC150Q04WA,Find out about future study or types of work: I spoke to a <career advisor> at my school.,Find out about future study or types of work, I spoke to a <career advisor> at my school.
EC150Q05WA,Find out about future study or types of work: I spoke to a <career advisor> outside of my school.,Find out about future study or types of work, I spoke to a <career advisor> outside of my school.
EC150Q06WA,Find out about future study or types of work: I completed a questionnaire to find out about my interests and abilities.,Find out about future study or types of work, I completed a questionnaire to find out about my interests and abilities.
EC150Q07WA,Find out about future study or types of work: I researched the Internet for information about careers.,Find out about future study or types of work, I researched the Internet for information about careers.
EC150Q08WA,Find out about future study or types of work: I went to an organised tour in an <ISCED 3-5> institution.,Find out about future study or types of work, I went to an organised tour in an <ISCED 3-5> institution.
EC150Q09WA,Find out about future study or types of work: I researched the Internet for information about <ISCED 3-5> programmes.,Find out about future study or types of work, I researched the Internet for information about <ISCED 3-5> programmes.
EC150Q10WA,Find out about future study or types of work: <country specific item>,Find out about future study or types of work, <country specific item>
EC151Q01WA,"Acquired skills: How to find information on jobs I am interested in. Yes, at school",Acquired skills," How to find information on jobs I am interested in. Yes, at school"
EC151Q01WB,"Acquired skills: How to find information on jobs I am interested in. Yes, out of school",Acquired skills," How to find information on jobs I am interested in. Yes, out of school"
EC151Q01WC,"Acquired skills: How to find information on jobs I am interested in. No, never",Acquired skills," How to find information on jobs I am interested in. No, never"
EC151Q02WA,"Acquired skills: How to search for a job. Yes, at school",Acquired skills," How to search for a job. Yes, at school"
EC151Q02WB,"Acquired skills: How to search for a job. Yes, out of school",Acquired skills," How to search for a job. Yes, out of school"
EC151Q02WC,"Acquired skills: How to search for a job. No, never",Acquired skills," How to search for a job. No, never"
EC151Q03WA,"Acquired skills: How to write a <rsum> or a summary of my qualifications. Yes, at school",Acquired skills," How to write a <rsum> or a summary of my qualifications. Yes, at school"
EC151Q03WB,"Acquired skills: How to write a <rsum> or a summary of my qualifications. Yes, out of school",Acquired skills," How to write a <rsum> or a summary of my qualifications. Yes, out of school"
EC151Q03WC,"Acquired skills: How to write a <rsum> or a summary of my qualifications. No, never",Acquired skills," How to write a <rsum> or a summary of my qualifications. No, never"
EC151Q04WA,"Acquired skills: How to prepare for a job interview. Yes, at school",Acquired skills," How to prepare for a job interview. Yes, at school"
EC151Q04WB,"Acquired skills: How to prepare for a job interview. Yes, out of school",Acquired skills," How to prepare for a job interview. Yes, out of school"
EC151Q04WC,"Acquired skills: How to prepare for a job interview. No, never",Acquired skills," How to prepare for a job interview. No, never"
EC151Q05WA,"Acquired skills: How to find information on student financing (e.g. student loans or grants). Yes, at school",Acquired skills," How to find information on student financing (e.g. student loans or grants). Yes, at school"
EC151Q05WB,"Acquired skills: How to find information on student financing (e.g. student loans or grants). Yes, out of school",Acquired skills," How to find information on student financing (e.g. student loans or grants). Yes, out of school"
EC151Q05WC,"Acquired skills: How to find information on student financing (e.g. student loans or grants). No, never",Acquired skills," How to find information on student financing (e.g. student loans or grants). No, never"
EC152Q01HA,What do you think you will be doing 5 years from now?,#VALUE!,#VALUE!
EC153Q01HA,Importance for decisions about future occupation: My parents' or guardians' expectations about my occupation,Importance for decisions about future occupation, My parents' or guardians' expectations about my occupation
EC153Q02HA,Importance for decisions about future occupation: The plans my close friends have for their future,Importance for decisions about future occupation, The plans my close friends have for their future
EC153Q03HA,Importance for decisions about future occupation: My school grades,Importance for decisions about future occupation, My school grades
EC153Q04HA,Importance for decisions about future occupation: The school subjects I am good at,Importance for decisions about future occupation, The school subjects I am good at
EC153Q05HA,Importance for decisions about future occupation: My special talents,Importance for decisions about future occupation, My special talents
EC153Q06HA,Importance for decisions about future occupation: My hobbies,Importance for decisions about future occupation, My hobbies
EC153Q07HA,Importance for decisions about future occupation: The social status of the occupation I want,Importance for decisions about future occupation, The social status of the occupation I want
EC153Q08HA,Importance for decisions about future occupation: Financial support for education or training,Importance for decisions about future occupation, Financial support for education or training
EC153Q09HA,Importance for decisions about future occupation: Education or training options for the occupation I want,Importance for decisions about future occupation, Education or training options for the occupation I want
EC153Q10HA,Importance for decisions about future occupation: Employment opportunities for the occupation I want,Importance for decisions about future occupation, Employment opportunities for the occupation I want
EC153Q11HA,Importance for decisions about future occupation: The expected salary of the occupation I want,Importance for decisions about future occupation, The expected salary of the occupation I want
EC160Q01HA,"If you had the opportunity to participate in a student exchange programme [...], would you like to take part?",#VALUE!,#VALUE!
EC158Q01HA,"On the most recent day you attended school, how long did you study in the morning before going to school? Hours",#VALUE!,#VALUE!
EC158Q02HA,"On the most recent day you attended school, how long did you study in the morning before going to school? Minutes",#VALUE!,#VALUE!
EC159Q01HA,"On the most recent day you attended school, how long did you study after leaving school? Hours",#VALUE!,#VALUE!
EC159Q02HA,"On the most recent day you attended school, how long did you study after leaving school? Minutes",#VALUE!,#VALUE!
EC163Q01HA,Why did you study before or after school? I was interested in the content.,#VALUE!,#VALUE!
EC163Q02HA,Why did you study before or after school? We have a test coming up soon.,#VALUE!,#VALUE!
EC163Q03HA,Why did you study before or after school? My parents think studying is important.,#VALUE!,#VALUE!
EC163Q04HA,Why did you study before or after school? I had a homework assignment.,#VALUE!,#VALUE!
EC163Q05HA,Why did you study before or after school? All my classmates study before or after school.,#VALUE!,#VALUE!
EC163Q06HA,Why did you study before or after school? I always study.,#VALUE!,#VALUE!
EC163Q07HA,Why did you study before or after school? Other reason.,#VALUE!,#VALUE!
EC162Q01HA,Why didn't you study before or after school? I had no time to study.,#VALUE!,#VALUE!
EC162Q02HA,Why didn't you study before or after school? I was not interested in the content.,#VALUE!,#VALUE!
EC162Q03HA,Why didn't you study before or after school? There is no test coming up soon.,#VALUE!,#VALUE!
EC162Q04HA,Why didn't you study before or after school? Nobody told me I have to study.,#VALUE!,#VALUE!
EC162Q05HA,Why didn't you study before or after school? I had no homework assignment.,#VALUE!,#VALUE!
EC162Q06HA,Why didn't you study before or after school? None of my classmates study before or after school.,#VALUE!,#VALUE!
EC162Q07HA,Why didn't you study before or after school? I never study.,#VALUE!,#VALUE!
EC162Q08HA,Why didn't you study before or after school? Other reason.,#VALUE!,#VALUE!
EC154Q01IA,Do you currently attend additional instruction? [Enrichment lessons] in [Test language],#VALUE!,#VALUE!
EC154Q02IA,Do you currently attend additional instruction? [Enrichment lessons] in mathematics,#VALUE!,#VALUE!
EC154Q03IA,Do you currently attend additional instruction? [Enrichment lessons] in [science],#VALUE!,#VALUE!
EC154Q04HA,Do you currently attend additional instruction? [Enrichment lessons] in foreign language,#VALUE!,#VALUE!
EC154Q05IA,Do you currently attend additional instruction? [Remedial lessons] in [Test language],#VALUE!,#VALUE!
EC154Q06IA,Do you currently attend additional instruction? [Remedial lessons] in mathematics,#VALUE!,#VALUE!
EC154Q07IA,Do you currently attend additional instruction? [Remedial lessons] in [science],#VALUE!,#VALUE!
EC154Q08HA,Do you currently attend additional instruction? [Remedial lessons] in foreign language,#VALUE!,#VALUE!
EC154Q09IA,Do you currently attend additional instruction? Lessons to improve your [study skills],#VALUE!,#VALUE!
EC012Q01NA,Why do you attend additional instruction in <test language> this school year? I want to learn more.,#VALUE!,#VALUE!
EC012Q02NA,Why do you attend additional instruction in <test language> this school year? I want to prepare for exams.,#VALUE!,#VALUE!
EC012Q04NA,Why do you attend additional instruction in <test language> this school year? My parents wanted me to attend.,#VALUE!,#VALUE!
EC012Q06NA,Why do you attend additional instruction in <test language> this school year? My teachers recommend it.,#VALUE!,#VALUE!
EC012Q07NA,Why do you attend additional instruction in <test language> this school year? I want to improve my grades.,#VALUE!,#VALUE!
EC012Q08NA,Why do you attend additional instruction in <test language> this school year? I need to improve my grades.,#VALUE!,#VALUE!
EC012Q13HA,Why do you attend additional instruction in [Test language] this school year? It was helpful for me in the past.,#VALUE!,#VALUE!
EC012Q12NA,Why do you attend additional instruction in <test language> this school year? Other reason.,#VALUE!,#VALUE!
EC155Q01DA,How often do the following people work with you on your schoolwork? Your mother,#VALUE!,#VALUE!
EC155Q02DA,How often do the following people work with you on your schoolwork? Your father,#VALUE!,#VALUE!
EC155Q03DA,How often do the following people work with you on your schoolwork? Your brothers and sisters,#VALUE!,#VALUE!
EC155Q04HA,How often do the following people work with you on your schoolwork? Other relatives,#VALUE!,#VALUE!
EC155Q05HA,How often do the following people work with you on your schoolwork? Other person,#VALUE!,#VALUE!
WB150Q01HA,How is your health?,#VALUE!,#VALUE!
WB151Q01HA,How much do you weigh? (kilograms),#VALUE!,#VALUE!
WB152Q01HA,How tall are you? (centimeters),#VALUE!,#VALUE!
WB153Q01HA,Agree: I like my look just the way it is.,Agree, I like my look just the way it is.
WB153Q02HA,Agree: I consider myself to be attractive.,Agree, I consider myself to be attractive.
WB153Q03HA,Agree: I am not concerned about my weight.,Agree, I am not concerned about my weight.
WB153Q04HA,Agree: I like my body.,Agree, I like my body.
WB153Q05HA,Agree: I like the way my clothes fit me.,Agree, I like the way my clothes fit me.
WB154Q01HA,"In the past six months, how often have you had the following? Headache",#VALUE!,#VALUE!
WB154Q02HA,"In the past six months, how often have you had the following? Stomach pain",#VALUE!,#VALUE!
WB154Q03HA,"In the past six months, how often have you had the following? Back pain",#VALUE!,#VALUE!
WB154Q04HA,"In the past six months, how often have you had the following? Feeling depressed",#VALUE!,#VALUE!
WB154Q05HA,"In the past six months, how often have you had the following? Irritability or bad temper",#VALUE!,#VALUE!
WB154Q06HA,"In the past six months, how often have you had the following? Feeling nervous",#VALUE!,#VALUE!
WB154Q07HA,"In the past six months, how often have you had the following? Difficulties in getting to sleep",#VALUE!,#VALUE!
WB154Q08HA,"In the past six months, how often have you had the following? Feeling dizzy",#VALUE!,#VALUE!
WB154Q09HA,"In the past six months, how often have you had the following? Feeling anxious",#VALUE!,#VALUE!
WB155Q01HA,How satisfied are you with each of the following? Your health,#VALUE!,#VALUE!
WB155Q02HA,How satisfied are you with each of the following? The way that you look,#VALUE!,#VALUE!
WB155Q03HA,How satisfied are you with each of the following? What you learn at school,#VALUE!,#VALUE!
WB155Q04HA,How satisfied are you with each of the following? The friends you have,#VALUE!,#VALUE!
WB155Q05HA,How satisfied are you with each of the following? The neighbourhood you live in,#VALUE!,#VALUE!
WB155Q06HA,How satisfied are you with each of the following? All the things you have,#VALUE!,#VALUE!
WB155Q07HA,How satisfied are you with each of the following? How you use your time,#VALUE!,#VALUE!
WB155Q08HA,How satisfied are you with each of the following? Your relationship with your parents/guardians,#VALUE!,#VALUE!
WB155Q09HA,How satisfied are you with each of the following? Your relationship with your teachers,#VALUE!,#VALUE!
WB155Q10HA,How satisfied are you with each of the following? Your life at school,#VALUE!,#VALUE!
WB156Q01HA,"At present, how many close friends do you have?",#VALUE!,#VALUE!
WB158Q01HA,How many days a week do you usually spend time with your friends right after school?,#VALUE!,#VALUE!
WB160Q01HA,"How often do you talk to your friends on the phone, send them text messages or have contact through social media?",#VALUE!,#VALUE!
WB161Q01HA,Are your friends well accepted by your parents or guardians?,#VALUE!,#VALUE!
WB162Q01HA,How easy is it for you to talk to the following people about things that really bother you? Your father,#VALUE!,#VALUE!
WB162Q02HA,How easy is it for you to talk to the following people about things that really bother you? Your mother's partner,#VALUE!,#VALUE!
WB162Q03HA,How easy is it for you to talk to the following people about things that really bother you? Your mother,#VALUE!,#VALUE!
WB162Q04HA,How easy is it for you to talk to the following people about things that really bother you? Your father's partner,#VALUE!,#VALUE!
WB162Q05HA,How easy is it for you to talk to the following people about things that really bother you? Your brother(s),#VALUE!,#VALUE!
WB162Q06HA,How easy is it for you to talk to the following people about things that really bother you? Your sister(s),#VALUE!,#VALUE!
WB162Q07HA,How easy is it for you to talk to the following people about things that really bother you? Your close friend(s),#VALUE!,#VALUE!
WB162Q08HA,How easy is it for you to talk to the following people about things that really bother you? Your teachers,#VALUE!,#VALUE!
WB162Q09HA,How easy is it for you to talk to the following people about things that really bother you? Other family members,#VALUE!,#VALUE!
WB163Q01HA,"Thinking about your parents or guardians, how often do they: Help me as much as I need","Thinking about your parents or guardians, how often do they", Help me as much as I need
WB163Q02HA,"Thinking about your parents or guardians, how often do they: Let me do the things I like doing","Thinking about your parents or guardians, how often do they", Let me do the things I like doing
WB163Q03HA,"Thinking about your parents or guardians, how often do they: Show that they care","Thinking about your parents or guardians, how often do they", Show that they care
WB163Q04HA,"Thinking about your parents or guardians, how often do they: Try to understand my problems and worries","Thinking about your parents or guardians, how often do they", Try to understand my problems and worries
WB163Q05HA,"Thinking about your parents or guardians, how often do they: Encourage me to make my own decisions","Thinking about your parents or guardians, how often do they", Encourage me to make my own decisions
WB163Q06HA,"Thinking about your parents or guardians, how often do they: Try to control everything I do","Thinking about your parents or guardians, how often do they", Try to control everything I do
WB163Q07HA,"Thinking about your parents or guardians, how often do they: Treat me like a baby","Thinking about your parents or guardians, how often do they", Treat me like a baby
WB163Q08HA,"Thinking about your parents or guardians, how often do they: Make me feel better when I am upset","Thinking about your parents or guardians, how often do they", Make me feel better when I am upset
WB164Q01HA,How often do you worry about how much money your family has?,#VALUE!,#VALUE!
WB165Q01HA,When was the last time you attended a mathematics class at school?,#VALUE!,#VALUE!
WB166Q01HA,How did you feel the last time you attended a mathematics class at school? Bored,#VALUE!,#VALUE!
WB166Q02HA,How did you feel the last time you attended a mathematics class at school? Challenged,#VALUE!,#VALUE!
WB166Q03HA,How did you feel the last time you attended a mathematics class at school? Nervous or tense,#VALUE!,#VALUE!
WB166Q04HA,How did you feel the last time you attended a mathematics class at school? Motivated or inspired,#VALUE!,#VALUE!
WB167Q01HA,When was the last time you attended a [test language lesson] at school?,#VALUE!,#VALUE!
WB168Q01HA,How did you feel the last time you attended a [test language lesson] at school? Bored,#VALUE!,#VALUE!
WB168Q02HA,How did you feel the last time you attended a [test language lesson] at school? Challenged,#VALUE!,#VALUE!
WB168Q03HA,How did you feel the last time you attended a [test language lesson] at school? Nervous or tense,#VALUE!,#VALUE!
WB168Q04HA,How did you feel the last time you attended a [test language lesson] at school? Motivated or inspired,#VALUE!,#VALUE!
WB171Q01HA,Now think of the last time you had a break between classes at school. How did you feel? Happy,#VALUE!,#VALUE!
WB171Q02HA,Now think of the last time you had a break between classes at school. How did you feel? Lonely,#VALUE!,#VALUE!
WB171Q03HA,Now think of the last time you had a break between classes at school. How did you feel? Nervous or tense,#VALUE!,#VALUE!
WB171Q04HA,Now think of the last time you had a break between classes at school. How did you feel? Full of energy,#VALUE!,#VALUE!
WB172Q01HA,When was the last time you spent time outside your home with your friends?,#VALUE!,#VALUE!
WB173Q01HA,How did you feel the last time you spent time outside your home with your friends? Bored,#VALUE!,#VALUE!
WB173Q02HA,How did you feel the last time you spent time outside your home with your friends? Happy,#VALUE!,#VALUE!
WB173Q03HA,How did you feel the last time you spent time outside your home with your friends? Nervous or tense,#VALUE!,#VALUE!
WB173Q04HA,How did you feel the last time you spent time outside your home with your friends? Full of energy,#VALUE!,#VALUE!
WB176Q01HA,When was the very last time you did your homework/studied for school?,#VALUE!,#VALUE!
WB177Q01HA,How did you feel the last time you did your homework/studied for school? Bored,#VALUE!,#VALUE!
WB177Q02HA,How did you feel the last time you did your homework/studied for school? Challenged,#VALUE!,#VALUE!
WB177Q03HA,How did you feel the last time you did your homework/studied for school? Nervous or tense,#VALUE!,#VALUE!
WB177Q04HA,How did you feel the last time you did your homework/studied for school? Motivated or inspired,#VALUE!,#VALUE!
WB032Q01NA,"Outside of school, during the past 7 days, on how many days did you engage in: Moderate physical activities [...]","Outside of school, during the past 7 days, on how many days did you engage in", Moderate physical activities [...]
WB032Q02NA,"Outside of school, during the past 7 days, on how many days did you engage in: Vigorous physical activities [...]","Outside of school, during the past 7 days, on how many days did you engage in", Vigorous physical activities [...]
WB031Q01NA,"This school year, on average, on how many days do you attend physical education classes each week?",#VALUE!,#VALUE!
WB178Q01HA,"The following questions refer to your day yesterday: Overall, did you feel that you accomplished something yesterday?",The following questions refer to your day yesterday," Overall, did you feel that you accomplished something yesterday?"
WB178Q02HA,The following questions refer to your day yesterday: Were you treated with respect all day yesterday?,The following questions refer to your day yesterday, Were you treated with respect all day yesterday?
WB178Q03HA,The following questions refer to your day yesterday: Did you smile or laugh a lot yesterday?,The following questions refer to your day yesterday, Did you smile or laugh a lot yesterday?
WB178Q04HA,The following questions refer to your day yesterday: Did you learn or do something interesting yesterday?,The following questions refer to your day yesterday, Did you learn or do something interesting yesterday?
WB178Q05HA,The following questions refer to your day yesterday: Did you have enough energy to get things done yesterday?,The following questions refer to your day yesterday, Did you have enough energy to get things done yesterday?
WB178Q06HA,"The following questions refer to your day yesterday: Overall, are you satisfied with how you spent your time yesterday?",The following questions refer to your day yesterday," Overall, are you satisfied with how you spent your time yesterday?"
WB178Q07HA,The following questions refer to your day yesterday: Was yesterday a typical day?,The following questions refer to your day yesterday, Was yesterday a typical day?
